"0","# load packages #####"
"0","library(tidyverse)  # data processing"
"0","library(haven)      # read in stata data"
"0","library(vtable)     # summary tables"
"0","library(labelled)   # to see and create variable labels"
"0","library(lme4)      # estimate MLM"
"0","library(sjPlot)    # regression tables"
"0","library(lmerTest)  # hypothesis testing for MLM"
"0","library(quantreg)"
"0","library(blme)"
"0","library(writexl)"
"0","library(openxlsx)"
"0","library(robustlmm)"
"0","library(DescTools)"
"0","library(reshape2)"
"0","library(robustlmm)"
"0",""
